"","Code","Sample Point","Type","Territory","Municipality","XETRS89","YETRS89","ZETRS89","Water range","Water range type","Basin","Section","Subgroup"
"1","AAR066","Zamarripa (Araunotegi) (LOIU)","RÍOS","Bizkaia","Loiu",504575,4794715,NA,"Asua-A","Ríos cántabro-atlánticos calcáreos. Muy modificados","Asua","Araunotegi 1","Aguas (Fisicoquímica)#Macroinvertebrados"
"2","AGU126","Pandos (Aguera) (TRUCIOS-TURTZIOZ)","RÍOS","Bizkaia","Trucios-Turtzioz",479011,4792248,0,"Agüera I","Ríos cántabro-atlánticos calcáreos","Aguera","Aguera 3","Aguas (Fisicoquímica)#Macroinvertebrados#Vida piscícola#Riberas#Macrófitos#Organismos fitobentónicos"
"3","ARA150","Egino (Arakil) (ASPARRENA)","RÍOS","Araba/Álava","Asparrena",560046,4746591,0,"Arakil hasta Altzania","Ríos de montaña húmeda calcárea","Arakil","Arakil 2","Aguas (Fisicoquímica)#Macroinvertebrados#Biota#Vida piscícola#Riberas#Sedimentos#Macrófitos#Organismos fitobentónicos"
"4","ART062","Iruzubieta (Artibai) (ZIORTZA-BOLIBAR)","RÍOS","Bizkaia","Ziortza-Bolibar",538399,4788966,0,"Artibai-A","Ríos cántabro-atlánticos calcáreos","Artibai","Artibai 3","Aguas (Fisicoquímica)#Macroinvertebrados#Biota#Vida piscícola#Riberas#Sedimentos#Macrófitos#Organismos fitobentónicos"
"5","ART109","Aretxinaga (Artibai)","RÍOS","Bizkaia","Markina-Xemein",540903,4791898,NA,"Artibai-A","Ríos cántabro-atlánticos calcáreos","Artibai","Artibai 1","Aguas (Fisicoquímica)#Macroinvertebrados#Vida piscícola#Macrófitos#Organismos fitobentónicos"
"6","ART168","Ribera (Artibai) (Artibai) (BERRIATUA)","RÍOS","Bizkaia","Berriatua",542485,4794807,0,"Artibai-A","Ríos cántabro-atlánticos calcáreos","Artibai","Artibai 1","Aguas (Fisicoquímica)#Macroinvertebrados#Vida piscícola#Riberas#Macrófitos#Organismos fitobentónicos"
"7","ART202","Gardotza (Artibai) (BERRIATUA)","RÍOS","Bizkaia","Berriatua",544277,4796264,0,"Artibai-A","Ríos cántabro-atlánticos calcáreos","Artibai","Artibai 1","Aguas (Fisicoquímica)#Macroinvertebrados#Biota#Vida piscícola#Riberas#Sedimentos#Macrófitos#Organismos fitobentónicos"
"8","ARÑ057","Urdalur (Añarri) (ALTZANIAKO PARTZUERGOA)","RÍOS",NA,NA,560633,4751531,0,"Altzania hasta Arakil","Ríos de montaña húmeda calcárea","Añarri - Alzania","Añarri 1","Aguas (Fisicoquímica)#Macroinvertebrados#Vida piscícola#Riberas#Macrófitos#Organismos fitobentónicos"
"9","ASU045","Zamudio (Asua) (ZAMUDIO)","RÍOS","Bizkaia","Zamudio",511775,4792128,0,"Asua-A","Ríos cántabro-atlánticos calcáreos. Muy modificados","Asua","Asua 4","Aguas (Fisicoquímica)#Macroinvertebrados#Biota#Vida piscícola#Riberas#Sedimentos#Macrófitos#Organismos fitobentónicos"
"10","ASU160","Sangroniz (Asua) (SONDIKA)","RÍOS","Bizkaia","Sondika",505069,4793252,0,"Asua-A","Ríos cántabro-atlánticos calcáreos. Muy modificados","Asua","Asua 1","Aguas (Fisicoquímica)#Macroinvertebrados#Biota#Vida piscícola#Riberas#Sedimentos#Macrófitos#Organismos fitobentónicos"
"11","BAI084","Aldarro (Baia Alto) (ZUIA)","RÍOS","Araba/Álava","Zuia",513382,4761594,0,"Baia hasta Subijana","Ríos de montaña húmeda calcárea","Baia","Baias 2","Aguas (Fisicoquímica)#Macroinvertebrados#Vida piscícola#Riberas#Macrófitos#Organismos fitobentónicos"
"12","BAI258","Katadiano (Baia Medio) (KUARTANGO)","RÍOS","Araba/Álava","Kuartango",508873,4750747,0,"Baia hasta Subijana","Ríos de montaña húmeda calcárea","Baia","Baias 7","Aguas (Fisicoquímica)#Macroinvertebrados#Biota#Vida piscícola#Riberas#Sedimentos#Macrófitos#Organismos fitobentónicos"
"13","BAI500","Igay (Baia Bajo) (RIBERA BAJA/ERRIBERA BEITIA)","RÍOS","Araba/Álava","Ribera Baja/Erriberabeitia",506802,4731683,0,"Baia desde Subijana hasta Ebro","Ríos de montaña mediterránea calcárea","Baia","Baias 10","Aguas (Fisicoquímica)#Macroinvertebrados#Vida piscícola#Riberas#Macrófitos#Organismos fitobentónicos"
"14","BAI558","Ribabellosa (Baia Bajo) (RIBERA BAJA/ERRIBERA BEITIA)","RÍOS","Araba/Álava","Ribera Baja/Erriberabeitia",505923,4728717,0,"Baia desde Subijana hasta Ebro","Ríos de montaña mediterránea calcárea","Baia","Baias 12","Aguas (Fisicoquímica)#Macroinvertebrados#Biota#Vida piscícola#Riberas#Sedimentos#Macrófitos#Organismos fitobentónicos"
"15","BAR126","San Esteban de Galdames (Barbadun) (SOPUERTA)","RÍOS","Bizkaia","Sopuerta",488691,4790876,0,"Barbadun-A","Ríos cántabro-atlánticos calcáreos","Barbadun","Barbadun 2","Aguas (Fisicoquímica)#Macroinvertebrados#Vida piscícola#Riberas#Macrófitos#Organismos fitobentónicos"
"16","BAR190","Santelices (Barbadun) (MUSKIZ)","RÍOS","Bizkaia","Muskiz",490285,4795424,0,"Barbadun-B","Ríos cántabro-atlánticos calcáreos","Barbadun","Barbadun 1","Aguas (Fisicoquímica)#Macroinvertebrados#Biota#Vida piscícola#Riberas#Sedimentos#Macrófitos#Organismos fitobentónicos"
"17","BAT060","Aldai-Ibarra (Atxispe) (GAMIZ-FIKA)","RÍOS","Bizkaia","Gamiz-Fika",515779,4796981,0,"Butroe-A","Ríos cántabro-atlánticos calcáreos","Butroe","Atxispe 1","Aguas (Fisicoquímica)#Macroinvertebrados#Vida piscícola#Riberas#Sedimentos#Macrófitos#Organismos fitobentónicos"
"18","BES042","Goikolea (Estepona) (MUNGIA)","RÍOS","Bizkaia","Mungia",515471,4805437,0,"Estepona-A","Ríos costeros cántabro-atlánticos","Estepona","Estepona 2","Aguas (Fisicoquímica)#Macroinvertebrados#Vida piscícola#Riberas#Macrófitos#Organismos fitobentónicos"
"19","BEZ059","Mercadillo (Bezi) (SOPUERTA)","RÍOS","Bizkaia","Sopuerta",487817,4789799,NA,"Barbadun-A","Ríos cántabro-atlánticos calcáreos","Barbadun","Bezi 1","Aguas (Fisicoquímica)#Macroinvertebrados"
"20","BID555","Endarlatza (Bidasoa) (IRUN)","RÍOS","Gipuzkoa","Irun",603068,4794251,0,"Bidasoa III","Ejes fluviales principales cántabro-atlánticos calcáreos. Muy modificados","Bidasoa","Bidasoa 1","Aguas (Fisicoquímica)#Macroinvertebrados#Biota#Vida piscícola#Riberas#Sedimentos#Macrófitos#Organismos fitobentónicos"
"21","BJA050","Urdanibia (Jaizubia) (IRUN)","RÍOS","Gipuzkoa","Irun",595535,4799024,0,"Jaizubia-A","Ríos costeros cántabro-atlánticos","Jaizubia","Jaizubia 1","Aguas (Fisicoquímica)#Macroinvertebrados#Biota#Vida piscícola#Riberas#Sedimentos#Macrófitos#Organismos fitobentónicos"
"22","BPA055","Alordi (Pradobaso) (ZUIA)","RÍOS","Araba/Álava","Zuia",513554,4763667,NA,"Padrobaso hasta Baia","Ríos de montaña húmeda calcárea","Baia","Padrobaso1","Aguas (Fisicoquímica)#Macroinvertebrados#Vida piscícola#Macrófitos#Organismos fitobentónicos"
"23","BUT062","Becobaso (Butroe Alto) (ERRIGOITI)","RÍOS","Bizkaia","Errigoiti",520369,4796536,0,"Butroe-A","Ríos cántabro-atlánticos calcáreos","Butroe","Butroe 7","Aguas (Fisicoquímica)#Macroinvertebrados#Biota#Vida piscícola#Riberas#Sedimentos#Macrófitos#Organismos fitobentónicos"
"24","BUT137","Ergoien (Butroe Alto) (GAMIZ-FIKA)","RÍOS","Bizkaia","Gamiz-Fika",514795,4798006,0,"Butroe-A","Ríos cántabro-atlánticos calcáreos","Butroe","Butroe 5","Aguas (Fisicoquímica)#Macroinvertebrados#Vida piscícola#Riberas#Macrófitos#Organismos fitobentónicos"
"25","BUT203","Elortzabarri (Butroe bajo) (MUNGIA)","RÍOS","Bizkaia","Mungia",511934,4801451,NA,"Butroe-B","Ríos cántabro-atlánticos calcáreos","Butroe","Butroe 2","Aguas (Fisicoquímica)#Macroinvertebrados#Vida piscícola#Macrófitos#Organismos fitobentónicos"
"26","BUT226","Gatika (Butroe bajo) (GATIKA)","RÍOS","Bizkaia","Gatika",510744,4801841,0,"Butroe-B","Ríos cántabro-atlánticos calcáreos","Butroe","Butroe 2","Aguas (Fisicoquímica)#Macroinvertebrados#Biota#Vida piscícola#Riberas#Sedimentos#Macrófitos#Organismos fitobentónicos"
"27","BUT270","Urresti Atzekoa (Butroe bajo) (GATIKA)","RÍOS","Bizkaia","Gatika",507391,4802114,0,"Butroe-B","Ríos cántabro-atlánticos calcáreos","Butroe","Butroe 1","Aguas (Fisicoquímica)#Macroinvertebrados#Biota#Vida piscícola#Riberas#Sedimentos#Macrófitos#Organismos fitobentónicos"
"28","C005","Gatika","RÍOS","Bizkaia","Gatika",507434,4802167,NA,"Butroe-B","Ríos cántabro-atlánticos calcáreos","Butroe","Butroe 1","Aguas (Hidrología)"
"29","C006","Markina","RÍOS","Bizkaia","Markina-Xemein",540931,4790432,NA,"Artibai-A","Ríos cántabro-atlánticos calcáreos","Artibai","Urko 1","Aguas (Hidrología)"
"30","C009","Galdakao","RÍOS","Bizkaia","Galdakao",510551,4786853,NA,"Nerbioi II","Ejes fluviales principales cántabro-atlánticos calcáreos. Muy modificados","Ibaizabal","Ibaizabal 10","Aguas (Hidrología)"
"31","C011","Mungia-Lauaxeta","RÍOS","Bizkaia","Mungia",512194,4800392,NA,"Butroe-B","Ríos cántabro-atlánticos calcáreos","Butroe","Butroe 3","Aguas (Hidrología)"
"32","C032","Areta","RÍOS","Bizkaia","Orozko",505281,4776059,NA,"Altube II","Pequeños ejes cántabro-atlánticos calcáreos","Altube","Altube 4","Aguas (Hidrología)"
"33","C051","Saratxo","RÍOS","Araba/Álava","Amurrio",499678,4764383,NA,"Nerbioi I","Pequeños ejes cántabro-atlánticos calcáreos","Nerbioi","Nerbioi 4","Aguas (Hidrología)"
"34","C054","Otxandio","RÍOS","Bizkaia","Otxandio",527894,4765356,NA,"Urkiola hasta Embalse Urrunaga","Ríos de montaña húmeda calcárea","Santa Engracia","Santa Engrazia 2","Aguas (Hidrología)"
"35","C055","Ozaeta","RÍOS","Araba/Álava","Barrundia",541375,4751070,NA,"Barrundia hasta Embalse Ullibarri","Ríos de montaña húmeda calcárea","Barrundia","Barrundia 2","Aguas (Hidrología)"
"36","C063","Muxika","RÍOS","Bizkaia","Muxika",525224,4792822,NA,"Oka-A","Ríos cántabro-atlánticos calcáreos","Oka","Oka 3","Aguas (Hidrología)"
"37","C067","Gardea","RÍOS","Araba/Álava","Laudio/Llodio",501592,4774734,NA,"Nerbioi I","Pequeños ejes cántabro-atlánticos calcáreos","Nerbioi","Nerbioi 5","Aguas (Hidrología)"
"38","C074","Elorrio","RÍOS","Bizkaia","Elorrio",535914,4775188,NA,"Elorrio I","Ríos cántabro-atlánticos calcáreos. Muy modificados","Ibaizabal","Ibaizabal 3","Aguas (Hidrología)"
"39","C079","Amorebieta","RÍOS","Bizkaia","Amorebieta-Etxano",521701,4784906,NA,"Ibaizabal III","Pequeños ejes cántabro-atlánticos calcáreos. Muy modificados","Ibaizabal","Ibaizabal 7","Aguas (Hidrología)"
"40","C083","Jaizubia","RÍOS","Gipuzkoa","Irun",595541,4799059,NA,"Jaizubia-A","Ríos costeros cántabro-atlánticos","Jaizubia","Jaizubia 1","Aguas (Hidrología)"
"41","C085","Eibar","RÍOS","Gipuzkoa","Eibar",544350,4782076,NA,"Ego-A","Ríos cántabro-atlánticos calcáreos. Muy modificados","Ego","Ego 1","Aguas (Hidrología)"
"42","C0A1","Peñacerrada-Pagoeta","RÍOS","Araba/Álava","Peñacerrada-Urizaharra",522588,4721748,715,"Inglares desde Pipaon hasta Ebro","Ríos de montaña mediterránea calcárea","Inglares","Inglares 4","Aguas (Hidrología)"
"43","C0A1","Peñacerrada-Pagoeta","RÍOS","Araba/Álava","Peñacerrada-Urizaharra",522588,4721748,715,"Inglares desde Pipaon hasta Ebro","Ríos de montaña mediterránea calcárea","Inglares","Inglares 4","Aguas (Hidrología)"
"44","C0AA","Etura","RÍOS","Araba/Álava","Barrundia",540549,4748262,NA,"Zadorra hasta Embalse Ullibarri","Ríos de montaña mediterránea calcárea","Zadorra","Zadorra 5","Aguas (Hidrología)"
"45","C0AB","Nanclares","RÍOS","Araba/Álava","Iruña Oka/Iruña de Oca",514437,4737898,NA,"Zadorra desde Nanclares hasta Ayuda","Ejes mediterráneo-continentales poco mineralizados","Zadorra","Zadorra 11","Aguas (Hidrología)"
"46","C0B1","Abusu","RÍOS","Bizkaia","Arrigorriaga",507010,4788081,NA,"Nerbioi II","Ejes fluviales principales cántabro-atlánticos calcáreos. Muy modificados","Ibaizabal","Ibaizabal 11","Aguas (Hidrología)"
"47","C0B2","Zaratamo","RÍOS","Bizkaia","Zaratamo",509811,4785026,NA,"Nerbioi II","Ejes fluviales principales cántabro-atlánticos calcáreos. Muy modificados","Ibaizabal","Nerbioi 11","Aguas (Hidrología)"
"48","C0B3","Urkizu","RÍOS","Bizkaia","Igorre",518506,4781157,NA,"Arratia","Ríos cántabro-atlánticos calcáreos. Muy modificados","Arratia","Arratia 3","Aguas (Hidrología)"
"49","C0B5","Oromiño","RÍOS","Bizkaia","Iurreta",526249,4782182,NA,"Maguna","Ríos cántabro-atlánticos calcáreos","Orobio - Maguna","Orobio 2","Aguas (Hidrología)"
"50","C0B5","Oromiño","RÍOS","Bizkaia","Iurreta",526249,4782182,NA,"Maguna","Ríos cántabro-atlánticos calcáreos","Orobio - Maguna","Orobio 2","Aguas (Hidrología)"
"51","C0B7","Mañaria","RÍOS","Bizkaia","Izurtza",528734,4776621,NA,"Ibaizabal I","Ríos cántabro-atlánticos calcáreos. Muy modificados","Ibaizabal","Mañaria 2","Aguas (Hidrología)"
"52","C0B8","Larrainazubi","RÍOS","Bizkaia","Getxo",500047,4799056,NA,"Gobelas-A","Ríos cántabro-atlánticos calcáreos. Muy modificados","Gobelas","Gobelas 1","Aguas (Hidrología)"
"53","C0B9","Sangroniz","RÍOS","Bizkaia","Sondika",505608,4792707,NA,"Asua-A","Ríos cántabro-atlánticos calcáreos. Muy modificados","Asua","Asua 2","Aguas (Hidrología)"
"54","C0BA","Oleta","RÍOS","Bizkaia","Amoroto",539813,4798978,NA,"Lea-A","Ríos cántabro-atlánticos calcáreos","Lea","Lea 1","Aguas (Hidrología)"
"55","C0BD","Iruzubieta","RÍOS","Bizkaia","Markina-Xemein",538484,4789312,NA,"Artibai-A","Ríos cántabro-atlánticos calcáreos","Artibai","Artibai 3","Aguas (Hidrología)"
"56","C0BE","Berriatua","RÍOS","Bizkaia","Berriatua",542501,4794747,NA,"Artibai-A","Ríos cántabro-atlánticos calcáreos","Artibai","Artibai 1","Aguas (Hidrología)"
"57","C0C2","Balmaseda","RÍOS","Bizkaia","Balmaseda",482208,4780281,NA,"Cadagua II","Pequeños ejes cántabro-atlánticos calcáreos. Muy modificados","Kadagua","Kadagua 2","Aguas (Hidrología)"
"58","C0C3","Sodupe-Cadagua","RÍOS","Bizkaia","Güeñes",496006,4783300,NA,"Cadagua II","Pequeños ejes cántabro-atlánticos calcáreos. Muy modificados","Kadagua","Kadagua 5","Aguas (Hidrología)"
"59","C0C4","Sodupe-Herrerias","RÍOS","Bizkaia","Güeñes",496390,4783086,NA,"Herrerías","Pequeños ejes cántabro-atlánticos calcáreos","Herrerias","Herrerias 3","Aguas (Hidrología)"
"60","C0C5","Arenao","RÍOS","Bizkaia","Muskiz",488682,4791993,NA,"Barbadun-A","Ríos cántabro-atlánticos calcáreos","Barbadun","Barbadun 2","Aguas (Hidrología)"
"61","DAG050","Beriziba (Angiozar) (BERGARA)","RÍOS","Gipuzkoa","Bergara",545118,4772951,0,"Angiozar-A","Ríos cántabro-atlánticos calcáreos","Angiozar","Angiozar 2","Aguas (Fisicoquímica)#Macroinvertebrados#Vida piscícola#Riberas#Macrófitos#Organismos fitobentónicos"
"62","DAN055","Aristi (Antzuola) (ANTZUOLA)","RÍOS","Gipuzkoa","Antzuola",549513,4772269,0,"Antzuola-A","Ríos cántabro-atlánticos calcáreos","Antzuola","Antzuola 2","Aguas (Fisicoquímica)#Macroinvertebrados#Vida piscícola#Riberas#Macrófitos#Organismos fitobentónicos"
"63","DAN056","Aristi 2 (Antzuola) (ANTZUOLA)","RÍOS","Gipuzkoa","Antzuola",549356,4772253,0,"Antzuola-A","Ríos cántabro-atlánticos calcáreos","Antzuola","Antzuola 2","Aguas (Fisicoquímica)#Macroinvertebrados#Organismos fitobentónicos"
"64","DAN069","Aristi 3 (Antzuola) (BERGARA)","RÍOS","Gipuzkoa","Bergara",548496,4773004,NA,"Antzuola-A","Ríos cántabro-atlánticos calcáreos","Antzuola","Antzuola 2","Aguas (Fisicoquímica)#Macroinvertebrados#Vida piscícola#Macrófitos#Organismos fitobentónicos"
"65","DAR046","Suñabolueta (Aramaio) (ARAMAIO)","RÍOS","Araba/Álava","Aramaio",537457,4767363,0,"Aramaio-A","Ríos vasco-pirenaicos","Aramaio","Aramaio 2","Aguas (Fisicoquímica)#Macroinvertebrados#Vida piscícola#Riberas#Macrófitos#Organismos fitobentónicos"
"66","DEB034","Leintz-Gatzaga 1 (Deba Alto) (LEINTZ-GATZAGA)","RÍOS","Gipuzkoa","Leintz-Gatzaga",535348,4758864,0,"Deba-A","Ríos vasco-pirenaicos","Deba","Deba 11","Aguas (Fisicoquímica)#Macroinvertebrados#Vida piscícola#Riberas#Macrófitos#Organismos fitobentónicos"
"67","DEB080","Maulanda (Deba Alto) (ESKORIATZA)","RÍOS","Gipuzkoa","Eskoriatza",535277,4760534,0,"Deba-A","Ríos vasco-pirenaicos","Deba","Deba 11","Aguas (Fisicoquímica)#Macroinvertebrados#Vida piscícola#Riberas#Macrófitos#Organismos fitobentónicos"
"68","DEB202","San Prudentzio (Deba Alto) (BERGARA)","RÍOS","Gipuzkoa","Bergara",544976,4770012,0,"Deba-B","Ríos vasco-pirenaicos. Muy modificados","Deba","Deba 9","Aguas (Fisicoquímica)#Macroinvertebrados#Biota#Vida piscícola#Riberas#Sedimentos#Macrófitos#Organismos fitobentónicos"
"69","DEB303","Mekoleta (Deba)","RÍOS","Gipuzkoa","Bergara",547877,4777510,NA,"Deba-C","Pequeños ejes cántabro-atlánticos calcáreos. Muy modificados","Deba","Deba 6","Macroinvertebrados#Vida piscícola#Macrófitos#Organismos fitobentónicos"
"70","DEB348","Soraluze (Deba Medio) (SORALUZE-PLACENCIA DE LAS ARMAS)","RÍOS","Gipuzkoa","Soraluze-Placencia de las Armas",547218,4780730,0,"Deba-C","Pequeños ejes cántabro-atlánticos calcáreos. Muy modificados","Deba","Deba 5","Aguas (Fisicoquímica)#Macroinvertebrados#Biota#Vida piscícola#Riberas#Sedimentos#Macrófitos#Organismos fitobentónicos"
"71","DEB492","Mendaro (Deba Bajo) (MENDARO)","RÍOS","Gipuzkoa","Mendaro",549752,4789309,0,"Deba-D","Ejes fluviales principales cántabro-atlánticos calcáreos. Muy modificados","Deba","Deba 1","Aguas (Fisicoquímica)#Macroinvertebrados#Biota#Vida piscícola#Riberas#Sedimentos#Macrófitos#Organismos fitobentónicos"
"72","DEG068","Eibar (Ego) (EIBAR)","RÍOS","Gipuzkoa","Eibar",544534,4781971,0,"Ego-A","Ríos cántabro-atlánticos calcáreos. Muy modificados","Ego","Ego 1","Aguas (Fisicoquímica)#Macroinvertebrados#Biota#Vida piscícola#Riberas#Sedimentos#Macrófitos#Organismos fitobentónicos"
"73","DKI036","Irabaneta (Kilimoi) (MENDARO)","RÍOS","Gipuzkoa","Mendaro",551713,4787337,0,"Kilimoi-A","Ríos cántabro-atlánticos calcáreos","Deba","Kilimoi 2","Aguas (Fisicoquímica)#Macroinvertebrados#Vida piscícola#Riberas#Macrófitos#Organismos fitobentónicos"
"74","DMI044","Mutriku (Mijoa-Saturraran) (MUTRIKU)","RÍOS","Gipuzkoa","Mutriku",548247,4795168,0,"Saturraran-A","Ríos costeros cántabro-atlánticos","Saturraran","Saturraran 1","Aguas (Fisicoquímica)#Macroinvertebrados#Vida piscícola#Riberas#Sedimentos#Macrófitos#Organismos fitobentónicos"
"75","DMI064","Camping (Saturraran) (MUTRIKU)","RÍOS","Gipuzkoa","Mutriku",547754,4795986,0,"Saturraran-A","Ríos costeros cántabro-atlánticos","Saturraran","Saturraran 1","Aguas (Fisicoquímica)#Macroinvertebrados#Vida piscícola#Macrófitos#Organismos fitobentónicos"
"76","DOA042","Soroaundieta (Arantzazu) (OÑATI)","RÍOS","Gipuzkoa","Oñati",548039,4759099,0,"Arantzazu-A","Ríos vasco-pirenaicos","Arantzazu","Arantzazu 3","Aguas (Fisicoquímica)#Macroinvertebrados#Vida piscícola#Riberas#Macrófitos#Organismos fitobentónicos"
"77","DOA124","Oñati (Arantzazu) (OÑATI)","RÍOS","Gipuzkoa","Oñati",546109,4764638,0,"Arantzazu-A","Ríos vasco-pirenaicos","Arantzazu","Arantzazu 1","Aguas (Fisicoquímica)#Macroinvertebrados#Vida piscícola#Riberas#Macrófitos#Organismos fitobentónicos"
"78","DOI025","Auntzerreka (Oñati) (OÑATI)","RÍOS","Gipuzkoa","Oñati",550936,4763192,0,"Oinati-A","Ríos vasco-pirenaicos","Oñati","Oinati 4","Aguas (Fisicoquímica)#Macroinvertebrados#Vida piscícola#Riberas#Macrófitos#Organismos fitobentónicos"
"79","DOI095","Zubillaga (Oñati) (OÑATI)","RÍOS","Gipuzkoa","Oñati",545389,4768141,0,"Oinati-B","Ríos vasco-pirenaicos","Oñati","Oinati 2","Aguas (Fisicoquímica)#Macroinvertebrados#Biota#Vida piscícola#Riberas#Sedimentos#Macrófitos#Organismos fitobentónicos"
"80","DUB014","Zezeaga (Ubera) (BERGARA)","RÍOS","Gipuzkoa","Bergara",543580,4776304,NA,"Ubera-A","Ríos cántabro-atlánticos calcáreos","Deba","Ubera 3","Aguas (Fisicoquímica)#Macroinvertebrados#Vida piscícola#Macrófitos#Organismos fitobentónicos"
"81","DUB042","Bergara (Ubera) (BERGARA)","RÍOS","Gipuzkoa","Bergara",546577,4775062,0,"Ubera-A","Ríos cántabro-atlánticos calcáreos","Deba","Ubera 1","Aguas (Fisicoquímica)#Macroinvertebrados#Vida piscícola#Riberas#Macrófitos#Organismos fitobentónicos"
"82","EBM100","Elciego aguas arriba (Riomayor) (ELCIEGO)","RÍOS","Araba/Álava","Elciego",531479,4707477,0,"Riomayor hasta Ebro","Ríos mineralizados de baja montaña mediterránea","Ebro","Riomayor 2","Aguas (Fisicoquímica)#Macroinvertebrados#Vida piscícola#Riberas#Macrófitos#Organismos fitobentónicos"
"83","EGA138","Angostina (Ega) (BERNEDO)","RÍOS","Araba/Álava","Bernedo",543175,4720307,0,"Ega hasta Ega de Azazeta","Ríos de montaña mediterránea calcárea","Ega","Ega 4","Aguas (Fisicoquímica)#Macroinvertebrados#Vida piscícola#Riberas#Macrófitos#Organismos fitobentónicos"
"84","EGA380","Santa Cruz de Campezo aguas bajo piscifactoria (Ega) (CAMPEZO/KANPEZU)","RÍOS","Araba/Álava","Campezo/Kanpezu",554525,4724923,0,"Ega desde Ega de Azazeta hasta Istora","Ríos de montaña mediterránea calcárea","Ega","Ega 7","Aguas (Fisicoquímica)#Macroinvertebrados#Biota#Vida piscícola#Riberas#Sedimentos#Macrófitos#Organismos fitobentónicos"
"85","EGB172","Antoñana (Berron) (CAMPEZO/KANPEZU)","RÍOS","Araba/Álava","Campezo/Kanpezu",549298,4727050,0,"Ega de Azazeta hasta Sabando","Ríos de montaña húmeda calcárea","Ega","Berron 2","Aguas (Fisicoquímica)#Macroinvertebrados#Vida piscícola#Riberas#Sedimentos#Macrófitos#Organismos fitobentónicos"
"86","EGB219","Bujanda (Berron) (KANPEZU)","RÍOS","Araba/Álava","Campezo/Kanpezu",550666,4725072,0,"Ega de Azazeta desde Sabando hasta Ega","Ríos de montaña mediterránea calcárea","Ega","Berron 3","Aguas (Fisicoquímica)#Macroinvertebrados#Vida piscícola#Macrófitos#Organismos fitobentónicos"
"87","EGI102","Korres (Izki) (ARRAIA-MAEZTU)","RÍOS","Araba/Álava","Arraia-Maeztu",545471,4727206,0,"Ega de Azazeta desde Sabando hasta Ega","Ríos de montaña mediterránea calcárea","Ega","Izki 1","Aguas (Fisicoquímica)#Macroinvertebrados#Vida piscícola#Riberas#Sedimentos#Macrófitos#Organismos fitobentónicos"
"88","EGL029","Contrasta (Larrondoa) (HARANA/VALLE DE ARANA)","RÍOS","Araba/Álava","Harana/Valle de Arana",557646,4736902,0,"Urederra hasta Central  Eraul","Ríos de montaña húmeda calcárea","Larrondoa","Larrondoa 2","Aguas (Fisicoquímica)#Macroinvertebrados#Vida piscícola#Macrófitos#Organismos fitobentónicos"
"89","END102","Endara (Endara) (IRUN)","RÍOS","Gipuzkoa","Irun",603044,4794210,0,"Endara","Ríos vasco-pirenaicos","Bidasoa","Endara 1","Aguas (Fisicoquímica)#Macroinvertebrados#Vida piscícola#Riberas#Macrófitos#Organismos fitobentónicos"
"90","GAL095","Gorostiza (Galindo) (BARAKALDO)","RÍOS","Bizkaia","Barakaldo",500564,4791882,0,"Galindo-A","Ríos cántabro-atlánticos calcáreos. Muy modificados","Galindo","Galindo 2","Aguas (Fisicoquímica)#Macroinvertebrados#Biota#Vida piscícola#Riberas#Sedimentos#Macrófitos#Organismos fitobentónicos"
"91","GLA047","Kukuiaga-Bekoa (Larrainazubi) (GETXO)","RÍOS","Bizkaia","Getxo",501666,4799140,0,"Larrainazubi-A","Ríos cántabro-atlánticos calcáreos","Larrainazubi","Larrainazubi 1","Aguas (Fisicoquímica)#Macroinvertebrados#Vida piscícola#Riberas#Macrófitos#Organismos fitobentónicos"
"92","GOB082","Getxo (Gobelas) (GETXO)","RÍOS","Bizkaia","Getxo",500033,4798370,0,"Gobelas-A","Ríos cántabro-atlánticos calcáreos. Muy modificados","Gobelas","Gobelas 1","Aguas (Fisicoquímica)#Macroinvertebrados#Biota#Vida piscícola#Riberas#Sedimentos#Macrófitos#Organismos fitobentónicos"
"93","GOI061","El Regato (Oiola) (BARAKALDO)","RÍOS","Bizkaia","Barakaldo",497873,4790136,NA,"Galindo-A","Ríos cántabro-atlánticos calcáreos. Muy modificados","Galindo","Oiola 1","Aguas (Fisicoquímica)#Macroinvertebrados"
"94","IAL034","Goikolatorre (Aretxabalgane) (LARRABETZU)","RÍOS","Bizkaia","Larrabetzu",517051,4790371,0,"Amorebieta-Aretxabalgane","Ríos cántabro-atlánticos calcáreos","Ibaizabal","Aretxabalgane 2","Macroinvertebrados#Organismos fitobentónicos"
"95","IAL051","Sarrikolea (Aretxabalgane) (LARRABETZU)","RÍOS","Bizkaia","Larrabetzu",516564,4789060,0,"Amorebieta-Aretxabalgane","Ríos cántabro-atlánticos calcáreos","Ibaizabal","Aretxabalgane 2","Macroinvertebrados#Vida piscícola#Macrófitos#Organismos fitobentónicos"
"96","IAL068","Gumuzio (Aretxabalgane) (GALDAKAO)","RÍOS","Bizkaia","Galdakao",515953,4787770,0,"Amorebieta-Aretxabalgane","Ríos cántabro-atlánticos calcáreos","Ibaizabal","Aretxabalgane 2","Aguas (Fisicoquímica)#Macroinvertebrados#Vida piscícola#Riberas#Macrófitos#Organismos fitobentónicos"
"97","IAR155","Elejabeitia (Arratia) (ARANTZAZU)","RÍOS","Bizkaia","Arantzazu",517483,4777276,0,"Arratia","Ríos cántabro-atlánticos calcáreos. Muy modificados","Arratia","Arratia 2","Aguas (Fisicoquímica)#Macroinvertebrados#Vida piscícola#Macrófitos#Organismos fitobentónicos"
"98","IAR206","Zabala (Arratia) (LEMOA)","RÍOS","Bizkaia","Lemoa",518340,4781822,0,"Arratia","Ríos cántabro-atlánticos calcáreos. Muy modificados","Arratia","Arratia 3","Vida piscícola"
"99","IAR222","Larrabiti (Arratia) (LEMOA)","RÍOS","Bizkaia","Lemoa",518564,4783162,0,"Arratia","Ríos cántabro-atlánticos calcáreos. Muy modificados","Arratia","Arratia 3","Aguas (Fisicoquímica)#Macroinvertebrados#Biota#Vida piscícola#Riberas#Sedimentos#Macrófitos#Organismos fitobentónicos"
"100","IAT087","Abadiño (Atxarte) (ABADIÑO)","RÍOS","Bizkaia","Abadiño",531901,4777052,NA,"Elorrio II","Pequeños ejes cántabro-atlánticos calcáreos","Ibaizabal","Atxarte 2","Aguas (Fisicoquímica)#Macroinvertebrados"
"101","IAZ066","Apatamonasterio (Arrazola) (ATXONDO)","RÍOS","Bizkaia","Atxondo",533885,4775181,NA,"Elorrio II","Pequeños ejes cántabro-atlánticos calcáreos","Ibaizabal","Arrazola 2","Aguas (Fisicoquímica)#Macroinvertebrados"
"102","IBA080","San Agustin (Ibaizabal Alto) (ELORRIO)","RÍOS","Bizkaia","Elorrio",535038,4775387,0,"Elorrio I","Ríos cántabro-atlánticos calcáreos. Muy modificados","Ibaizabal","Ibaizabal 3","Aguas (Fisicoquímica)#Macroinvertebrados#Vida piscícola#Riberas#Macrófitos#Organismos fitobentónicos"
"103","IBA140","Matiena(Ibaizabal Alto) (ABADIÑO)","RÍOS","Bizkaia","Abadiño",531519,4778081,0,"Elorrio II","Pequeños ejes cántabro-atlánticos calcáreos","Ibaizabal","Ibaizabal 4","Aguas (Fisicoquímica)#Macroinvertebrados#Vida piscícola#Riberas#Sedimentos#Macrófitos#Organismos fitobentónicos"
"104","IBA162","Durango (ibaizabal Medio) (DURANGO)","RÍOS","Bizkaia","Durango",529711,4780310,0,"Ibaizabal I","Ríos cántabro-atlánticos calcáreos. Muy modificados","Ibaizabal","Ibaizabal 5","Aguas (Fisicoquímica)#Macroinvertebrados#Vida piscícola#Riberas#Macrófitos#Organismos fitobentónicos"
"105","IBA194","Iurreta (aguas abajo EDAR) (Ibaizabal Medio) (IURRETA)","RÍOS","Bizkaia","Iurreta",526924,4781082,0,"Ibaizabal II","Pequeños ejes cántabro-atlánticos calcáreos","Ibaizabal","Ibaizabal 6","Aguas (Fisicoquímica)#Macroinvertebrados#Biota#Vida piscícola#Riberas#Sedimentos#Macrófitos#Organismos fitobentónicos"
"106","IBA274","Zornotza (Ibaizabal Medio) (AMOREBIETA-ETXANO)","RÍOS","Bizkaia","Amorebieta-Etxano",522565,4784418,0,"Ibaizabal II","Pequeños ejes cántabro-atlánticos calcáreos","Ibaizabal","Ibaizabal 6","Aguas (Fisicoquímica)#Macroinvertebrados#Vida piscícola#Macrófitos#Organismos fitobentónicos"
"107","IBA306","Astepe (ibaizabal Medio) (LEMOA)","RÍOS","Bizkaia","Lemoa",519929,4784362,0,"Ibaizabal III","Pequeños ejes cántabro-atlánticos calcáreos. Muy modificados","Ibaizabal","Ibaizabal 8","Aguas (Fisicoquímica)#Macroinvertebrados#Biota#Vida piscícola#Riberas#Sedimentos#Macrófitos#Organismos fitobentónicos"
"108","IBA371","Usansolo (Ibaizabal)","RÍOS","Bizkaia","Bedia",515058,4784845,NA,"Nerbioi II","Ejes fluviales principales cántabro-atlánticos calcáreos. Muy modificados","Ibaizabal","Ibaizabal 9","Macroinvertebrados#Macrófitos#Organismos fitobentónicos"
"109","IBA390","Usansolo Hospital (Ibaizabal Bajo) (GALDAKAO)","RÍOS","Bizkaia","Galdakao",514531,4785967,0,"Nerbioi II","Ejes fluviales principales cántabro-atlánticos calcáreos. Muy modificados","Ibaizabal","Ibaizabal 9","Aguas (Fisicoquímica)#Macroinvertebrados#Vida piscícola#Riberas#Macrófitos#Organismos fitobentónicos"
"110","IBA428","Galdakao (Ibaizabal Bajo) (GALDAKAO)","RÍOS","Bizkaia","Galdakao",512219,4786317,0,"Nerbioi II","Ejes fluviales principales cántabro-atlánticos calcáreos. Muy modificados","Ibaizabal","Ibaizabal 10","Aguas (Fisicoquímica)#Macroinvertebrados#Biota#Vida piscícola#Riberas#Sedimentos#Macrófitos#Organismos fitobentónicos"
"111","IBA518","La Peña (baizabal Bajo) (ARRIGORRIAGA)","RÍOS","Bizkaia","Arrigorriaga",506656,4787817,0,"Nerbioi II","Ejes fluviales principales cántabro-atlánticos calcáreos. Muy modificados","Ibaizabal","Ibaizabal 11","Aguas (Fisicoquímica)#Macroinvertebrados#Biota#Vida piscícola#Riberas#Sedimentos#Macrófitos#Organismos fitobentónicos"
"112","IGA040","Amorebieta (Garatondo) (AMOREBIETA-ETXANO)","RÍOS","Bizkaia","Amorebieta-Etxano",520960,4786658,0,"San Miguel","Ríos cántabro-atlánticos calcáreos","Garatondo - San Miguel","Garatondo 2","Aguas (Fisicoquímica)#Macroinvertebrados#Vida piscícola#Riberas#Macrófitos#Organismos fitobentónicos"
"113","IIN126","Ugarana (Indusi) (DIMA)","RÍOS","Bizkaia","Dima",520373,4776408,NA,"Indusi","Ríos cántabro-atlánticos calcáreos","Arratia","Indusi 1","Macroinvertebrados#Vida piscícola#Organismos fitobentónicos"
"114","IIN140","Arzubia (Indusi) (DIMA)","RÍOS","Bizkaia","Dima",519248,4777263,0,"Indusi","Ríos cántabro-atlánticos calcáreos","Arratia","Indusi 2","Aguas (Fisicoquímica)#Macroinvertebrados#Vida piscícola#Riberas#Macrófitos#Organismos fitobentónicos"
"115","ILK074","Miminzan (Lekubaso) (GALDAKAO)","RÍOS","Bizkaia","Galdakao",514680,4784740,NA,"Nerbioi II","Ejes fluviales principales cántabro-atlánticos calcáreos. Muy modificados","Ibaizabal","Lekubaso 2","Aguas (Fisicoquímica)#Macroinvertebrados"
"116","ING014","Pipaón (Inglares)","RÍOS","Araba/Álava","Lagrán",528491,4717082,NA,"Inglares hasta Pipaón","Ríos de montaña húmeda calcárea","Inglares","Inglares 1","Aguas (Fisicoquímica)"
"117","ING175","Bergantzo (Inglares) (ZAMBRANA)","RÍOS","Araba/Álava","Zambrana",518358,4721977,0,"Inglares desde Pipaon hasta Ebro","Ríos de montaña mediterránea calcárea","Inglares","Inglares 5","Aguas (Fisicoquímica)#Macroinvertebrados#Biota#Vida piscícola#Riberas#Macrófitos#Organismos fitobentónicos"
"118","ING190","Aguas abajo Berganzo (Inglares) (ZAMBRANA)","RÍOS","Araba/Álava","Zambrana",516523,4722223,NA,"Inglares desde Pipaon hasta Ebro","Ríos de montaña mediterránea calcárea","Inglares","Inglares 6","Aguas (Fisicoquímica)#Macroinvertebrados#Vida piscícola#Macrófitos#Organismos fitobentónicos"
"119","ING245","Berganzo (Inglares) (ZAMBRANA)","RÍOS","Araba/Álava","Zambrana",513480,4722303,0,"Inglares desde Pipaon hasta Ebro","Ríos de montaña mediterránea calcárea","Inglares","Inglares 6","Aguas (Fisicoquímica)#Macroinvertebrados#Vida piscícola#Riberas#Macrófitos#Organismos fitobentónicos"
"120","IOR080","Txirguena (Orobio) (IURRETA)","RÍOS","Bizkaia","Iurreta",526330,4781953,0,"Maguna","Ríos cántabro-atlánticos calcáreos","Orobio - Maguna","Orobio 2","Aguas (Fisicoquímica)#Macroinvertebrados#Vida piscícola#Riberas#Macrófitos#Organismos fitobentónicos"
"121","ISA062","Gerediaga (Sarria) (ABADIÑO)","RÍOS","Bizkaia","Abadiño",532315,4779704,0,"Akelkorta","Ríos cántabro-atlánticos calcáreos","Sarria - Aquelcorta","Sarria 2","Aguas (Fisicoquímica)#Macroinvertebrados#Vida piscícola#Riberas#Macrófitos#Organismos fitobentónicos"
"122","KAD372","Güeñes (Kadagua Alto) (GÜEÑES)","RÍOS","Bizkaia","Güeñes",492483,4784015,0,"Cadagua II","Pequeños ejes cántabro-atlánticos calcáreos. Muy modificados","Kadagua","Kadagua 5","Aguas (Fisicoquímica)#Macroinvertebrados#Vida piscícola#Riberas#Sedimentos#Macrófitos#Organismos fitobentónicos"
"123","KAD410","Artxube (Kadagua Alto) (GÜEÑES)","RÍOS","Bizkaia","Güeñes",494605,4782620,NA,"Cadagua II","Pequeños ejes cántabro-atlánticos calcáreos. Muy modificados","Kadagua","Kadagua 5","Macroinvertebrados#Organismos fitobentónicos"
"124","KAD452","Olakoaga (Kadagua Bajo) (GÜEÑES)","RÍOS","Bizkaia","Güeñes",497966,4785341,0,"Cadagua III","Ejes fluviales principales cántabro-atlánticos calcáreos","Kadagua","Kadagua 6","Aguas (Fisicoquímica)#Macroinvertebrados#Vida piscícola#Riberas#Macrófitos#Organismos fitobentónicos"
"125","KAD504","Alonsotegi (Kadagua Bajo) (ALONSOTEGI)","RÍOS","Bizkaia","Alonsotegi",500284,4787637,0,"Cadagua IV","Ejes fluviales principales cántabro-atlánticos calcáreos. Muy modificados","Kadagua","Kadagua 7","Aguas (Fisicoquímica)#Macroinvertebrados#Biota#Vida piscícola#Riberas#Sedimentos#Macrófitos#Organismos fitobentónicos"
"126","KAD530","Las Delicias (Kadagua)","RÍOS","Bizkaia","Barakaldo",502065,4788900,NA,"Cadagua IV","Ejes fluviales principales cántabro-atlánticos calcáreos. Muy modificados","Kadagua",NA,"Vida piscícola"
"127","KAR080","Concha (Karrantza) (KARRANTZA HARANA/VALLE DE CARRANZA)","RÍOS","Bizkaia","Karrantza Harana/Valle de Carranza",470851,4785688,0,"Karrantza","Ríos cántabro-atlánticos calcáreos","Karrantza","Karrantza 3","Macroinvertebrados#Organismos fitobentónicos"
"128","KAR130","Molinar (Karrantza) (KARRANTZA HARANA/VALLE DE CARRANZA)","RÍOS","Bizkaia","Karrantza Harana/Valle de Carranza",470287,4787723,0,"Karrantza","Ríos cántabro-atlánticos calcáreos","Karrantza","Karrantza 3","Aguas (Fisicoquímica)#Macroinvertebrados#Biota#Vida piscícola#Riberas#Sedimentos#Macrófitos#Organismos fitobentónicos"
"129","KCA069","El Callejo (Calera) (LANESTOSA)","RÍOS","Bizkaia","Lanestosa",464800,4783423,0,"Calera","Ríos cántabro-atlánticos calcáreos","Calera","Calera 1","Aguas (Fisicoquímica)#Macroinvertebrados#Vida piscícola#Riberas#Macrófitos#Organismos fitobentónicos"
"130","KER055","La Llana (Erretola) (ZALLA)","RÍOS","Bizkaia","Zalla",488139,4784923,NA,"Cadagua II","Pequeños ejes cántabro-atlánticos calcáreos. Muy modificados","Kadagua","Erretola 1","Aguas (Fisicoquímica)#Macroinvertebrados"
"131","KHA155","Allende (Aiega) (SOPUERTA)","RÍOS","Bizkaia","Sopuerta",491806,4779477,NA,"Herrerías","Pequeños ejes cántabro-atlánticos calcáreos","Herrerias","Aiega 1","Aguas (Fisicoquímica)#Macroinvertebrados"
"132","KHE100","Retes de Llanteno (Herrerias) (AYALA /AIARA)","RÍOS","Araba/Álava","Ayala/Aiara",491503,4770694,0,"Herrerías","Pequeños ejes cántabro-atlánticos calcáreos","Herrerias","Herrerias 1","Aguas (Fisicoquímica)#Macroinvertebrados#Biota#Vida piscícola#Riberas#Sedimentos#Macrófitos#Organismos fitobentónicos"
"133","KHE230","La Torre (Herrerias) (GORDEXOLA)","RÍOS","Bizkaia","Gordexola",491136,4776779,0,"Herrerías","Pequeños ejes cántabro-atlánticos calcáreos","Herrerias","Herrerias 2","Aguas (Fisicoquímica)#Macroinvertebrados#Vida piscícola#Riberas#Macrófitos#Organismos fitobentónicos"
"134","KHE300","Zubiete (Herrerias) (GORDEXOLA)","RÍOS","Bizkaia","Gordexola",495310,4781426,0,"Herrerías","Pequeños ejes cántabro-atlánticos calcáreos","Herrerias","Herrerias 3","Aguas (Fisicoquímica)#Macroinvertebrados#Vida piscícola#Riberas#Macrófitos#Organismos fitobentónicos"
"135","KHI182","Azkarai (Izalde) (GORDEXOLA)","RÍOS","Bizkaia","Gordexola",496495,4781628,0,"Herrerías","Pequeños ejes cántabro-atlánticos calcáreos","Herrerias","Izalde 3","Aguas (Fisicoquímica)#Macroinvertebrados#Vida piscícola#Riberas#Macrófitos#Organismos fitobentónicos"
"136","LAM047","Burgozarra (Meñakabarrena) (MUNGIA)","RÍOS","Bizkaia","Mungia",514999,4798556,NA,"Butroe-A","Ríos cántabro-atlánticos calcáreos","Butroe","Larrauri 1","Aguas (Fisicoquímica)#Macroinvertebrados"
"137","LEA112","San Anton (Lea) (AULESTI)","RÍOS","Bizkaia","Aulesti",537234,4795316,0,"Lea-A","Ríos cántabro-atlánticos calcáreos","Lea","Lea 2","Aguas (Fisicoquímica)#Macroinvertebrados#Biota#Vida piscícola#Riberas#Sedimentos#Macrófitos#Organismos fitobentónicos"
"138","LEA196","Oleta (Lea) (AMOROTO)","RÍOS","Bizkaia","Amoroto",540004,4799006,0,"Lea-A","Ríos cántabro-atlánticos calcáreos","Lea","Lea 1","Aguas (Fisicoquímica)#Macroinvertebrados#Biota#Vida piscícola#Riberas#Sedimentos#Macrófitos#Organismos fitobentónicos"
"139","LEX036","Etxeaburu (Ea) (EA)","RÍOS","Bizkaia","Ea",533878,4802030,0,"Ea-A","Ríos costeros cántabro-atlánticos","Ea","Ea 1","Aguas (Fisicoquímica)#Macroinvertebrados#Vida piscícola#Riberas#Macrófitos#Organismos fitobentónicos"
"140","LOI054","Madalen Ermita (Oiz) (AULESTI)","RÍOS","Bizkaia","Aulesti",535317,4793008,NA,"Lea-A","Ríos cántabro-atlánticos calcáreos","Lea","Oiz 1","Aguas (Fisicoquímica)#Macroinvertebrados"
"141","NAL062","Ziorraga (Altube) (ZUIA)","RÍOS","Araba/Álava","Zuia",508142,4761297,0,"Altube I","Pequeños ejes cántabro-atlánticos calcáreos","Altube","Altube 1","Aguas (Fisicoquímica)#Macroinvertebrados#Vida piscícola#Riberas#Macrófitos#Organismos fitobentónicos"
"142","NAL260","Anuntzibai (Altube) (OROZKO)","RÍOS","Bizkaia","Orozko",504939,4776387,0,"Altube II","Pequeños ejes cántabro-atlánticos calcáreos","Altube","Altube 4","Aguas (Fisicoquímica)#Macroinvertebrados#Vida piscícola#Riberas#Sedimentos#Macrófitos#Organismos fitobentónicos"
"143","NER050","Delika (Nerbioi Alto) (AMURRIO)","RÍOS","Araba/Álava","Amurrio",501178,4756951,NA,"Nerbioi I","Pequeños ejes cántabro-atlánticos calcáreos","Nerbioi","Nerbioi 3","Aguas (Fisicoquímica)#Macroinvertebrados#Macrófitos#Organismos fitobentónicos"
"144","NER141","Saratxo (Nerbioi Alto) (AMURRIO)","RÍOS","Araba/Álava","Amurrio",499216,4763829,0,"Nerbioi I","Pequeños ejes cántabro-atlánticos calcáreos","Nerbioi","Nerbioi 4","Aguas (Fisicoquímica)#Macroinvertebrados#Vida piscícola#Riberas#Macrófitos#Organismos fitobentónicos"
"145","NER258","Luyando (Nerbioi Alto) (AYALA /AIARA)","RÍOS","Araba/Álava","Laudio/Llodio",500389,4772872,0,"Nerbioi I","Pequeños ejes cántabro-atlánticos calcáreos","Nerbioi","Nerbioi 5","Aguas (Fisicoquímica)#Macroinvertebrados#Biota#Vida piscícola#Riberas#Sedimentos#Macrófitos#Organismos fitobentónicos"
"146","NER338","Arakaldo (Nerbioi Bajo) (ARAKALDO)","RÍOS","Bizkaia","Arakaldo",504919,4777832,0,"Nerbioi II","Ejes fluviales principales cántabro-atlánticos calcáreos. Muy modificados","Ibaizabal","Nerbioi 7","Aguas (Fisicoquímica)#Macroinvertebrados#Biota#Vida piscícola#Riberas#Sedimentos#Macrófitos#Organismos fitobentónicos"
"147","NER520","Basauri (Nerbioi Bajo) (BASAURI)","RÍOS","Bizkaia","Basauri",509669,4786877,0,"Nerbioi II","Ejes fluviales principales cántabro-atlánticos calcáreos. Muy modificados","Ibaizabal","Nerbioi 12","Aguas (Fisicoquímica)#Macroinvertebrados#Biota#Vida piscícola#Riberas#Sedimentos#Macrófitos#Organismos fitobentónicos"
"148","NIZ106","Murga (Izoria) (AYALA /AIARA)","RÍOS","Araba/Álava","Ayala/Aiara",498628,4768994,0,"Izoria","Ríos cántabro-atlánticos calcáreos. Muy modificados","Izoria","Izoria 3","Aguas (Fisicoquímica)#Macroinvertebrados#Vida piscícola#Riberas#Macrófitos#Organismos fitobentónicos"
"149","NLA050","Zubitxieta (Larunbe) (ARRANKUDIAGA)","RÍOS","Bizkaia","Arrankudiaga-Zollo",506330,4780424,NA,"Nerbioi II","Ejes fluviales principales cántabro-atlánticos calcáreos. Muy modificados","Nerbioi",NA,"Aguas (Fisicoquímica)#Macroinvertebrados"
"150","NZE114","Elorribieta (Zeberio)","RÍOS","Bizkaia","Zeberio",508804,4779323,NA,"Zeberio","Ríos cántabro-atlánticos calcáreos","Zeberio","Zeberio 2","Vida piscícola"
"151","NZE124","Ugao-Miraballes (Zeberio) (ZEBERIO)","RÍOS","Bizkaia","Zeberio",508291,4779756,0,"Zeberio","Ríos cántabro-atlánticos calcáreos","Zeberio","Zeberio 2","Aguas (Fisicoquímica)#Macroinvertebrados#Vida piscícola#Riberas#Macrófitos#Organismos fitobentónicos"
"152","OAG110","Aloska (Agauntza) (ATAUN)","RÍOS","Gipuzkoa","Ataun",566799,4758164,0,"Agauntza I","Ríos vasco-pirenaicos","Agauntza","Agauntza 2","Aguas (Fisicoquímica)#Macroinvertebrados#Vida piscícola#Riberas#Macrófitos#Organismos fitobentónicos"
"153","OAG196","Ataun (Agauntza) (ATAUN)","RÍOS","Gipuzkoa","Ataun",567078,4763241,0,"Agauntza II","Pequeños ejes cántabro-atlánticos calcáreos","Agauntza","Agauntza 3","Aguas (Fisicoquímica)#Macroinvertebrados#Vida piscícola#Riberas#Macrófitos#Organismos fitobentónicos"
"154","OAM055","Amezketa 1 (Amezketa) (AMEZKETA)","RÍOS","Gipuzkoa","Amezketa",575436,4765964,0,"Amezketa I","Ríos vasco-pirenaicos","Amezketa","Amezketa 1","Aguas (Fisicoquímica)#Macroinvertebrados#Vida piscícola#Riberas#Macrófitos#Organismos fitobentónicos"
"155","OAM117","Errotalde (Amezketa) (ALEGIA)","RÍOS","Gipuzkoa","Alegia",574360,4771211,0,"Amezketa II","Ríos vasco-pirenaicos","Amezketa","Amezketa 3","Aguas (Fisicoquímica)#Macroinvertebrados#Vida piscícola#Riberas#Macrófitos#Organismos fitobentónicos"
"156","OAR205","Araxes. Tramo libre (Araxes) (LIZARTZA)","RÍOS","Gipuzkoa","Lizartza",577077,4773683,0,"Araxes II","Pequeños ejes cántabro-atlánticos calcáreos","Araxes","Araxes 2","Macroinvertebrados#Riberas"
"157","OAR223","Errotagain (Araxes) (ALTZO)","RÍOS","Gipuzkoa","Altzo",576615,4773958,0,"Araxes II","Pequeños ejes cántabro-atlánticos calcáreos","Araxes","Araxes 2","Aguas (Fisicoquímica)#Macroinvertebrados#Vida piscícola#Riberas#Macrófitos#Organismos fitobentónicos"
"158","OAS040","Errekaballara (Asteasu) (ASTEASU)","RÍOS","Gipuzkoa","Asteasu",573238,4782605,0,"Asteasu I","Ríos vasco-pirenaicos","Asteasu","Asteasu 2","Aguas (Fisicoquímica)#Macroinvertebrados#Vida piscícola#Riberas#Macrófitos#Organismos fitobentónicos"
"159","OAS070","Zubizarreta (Asteasu) (ZIZURKIL)","RÍOS","Gipuzkoa","Zizurkil",575534,4782446,0,"Asteasu II","Ríos vasco-pirenaicos. Muy modificados","Asteasu","Asteasu 3","Aguas (Fisicoquímica)#Macroinvertebrados#Vida piscícola#Riberas#Macrófitos#Organismos fitobentónicos"
"160","OES095","Iturralde (Estanda) (BEASAIN)","RÍOS","Gipuzkoa","Beasain",562083,4766120,NA,"Estanda","Ríos vasco-pirenaicos","Estanda","Estanda 3","Macroinvertebrados#Vida piscícola#Organismos fitobentónicos"
"161","OES116","Beasain (Estanda) (BEASAIN)","RÍOS","Gipuzkoa","Beasain",563595,4766708,0,"Estanda","Ríos vasco-pirenaicos","Estanda","Estanda 3","Aguas (Fisicoquímica)#Macroinvertebrados#Vida piscícola#Riberas#Sedimentos#Macrófitos#Organismos fitobentónicos"
"162","OIA044","Oiartzun (Oiartzun Alto) (OIARTZUN)","RÍOS","Gipuzkoa","Oiartzun",595710,4792736,0,"Oiartzun-A","Ríos vasco-pirenaicos","Oiartzun","Oiartzun 5","Aguas (Fisicoquímica)#Macroinvertebrados#Vida piscícola#Riberas#Sedimentos#Macrófitos#Organismos fitobentónicos"
"163","OIA095","Ugaldetxo (Oiartzun Bajo) (OIARTZUN)","RÍOS","Gipuzkoa","Oiartzun",591155,4794578,0,"Oiartzun-A","Ríos vasco-pirenaicos","Oiartzun","Oiartzun 1","Aguas (Fisicoquímica)#Macroinvertebrados#Vida piscícola#Riberas#Macrófitos#Organismos fitobentónicos"
"164","OIA102","Errenteria (Oiartzun Bajo) (OIARTZUN)","RÍOS","Gipuzkoa","Oiartzun",590409,4795110,0,"Oiartzun-A","Ríos vasco-pirenaicos","Oiartzun","Oiartzun 1","Aguas (Fisicoquímica)#Macroinvertebrados#Biota#Vida piscícola#Riberas#Sedimentos#Macrófitos#Organismos fitobentónicos"
"165","OKA066","Areatza (Oka-o) (MUXIKA)","RÍOS","Bizkaia","Muxika",525449,4791273,0,"Oka-A","Ríos cántabro-atlánticos calcáreos","Oka","Oka 4","Aguas (Fisicoquímica)#Macroinvertebrados#Biota#Vida piscícola#Riberas#Sedimentos#Macrófitos#Organismos fitobentónicos"
"166","OKA075","Muxika (Oka-o) (MUXIKA)","RÍOS","Bizkaia","Muxika",525306,4793199,0,"Oka-A","Ríos cántabro-atlánticos calcáreos","Oka","Oka 2","Aguas (Fisicoquímica)#Macroinvertebrados#Vida piscícola#Riberas#Macrófitos#Organismos fitobentónicos"
"167","OKA114","Gernika (Oka-o) (AJANGIZ)","RÍOS","Bizkaia","Ajangiz",526420,4794993,0,"Oka-A","Ríos cántabro-atlánticos calcáreos","Oka","Oka 1","Aguas (Fisicoquímica)#Macroinvertebrados#Biota#Vida piscícola#Riberas#Sedimentos#Macrófitos#Organismos fitobentónicos"
"168","OKG120","Errenteria (Golako) (ARRATZU)","RÍOS","Bizkaia","Arratzu",527259,4796456,0,"Golako-A","Ríos cántabro-atlánticos calcáreos","Golako","Golako 1","Aguas (Fisicoquímica)#Macroinvertebrados#Biota#Vida piscícola#Riberas#Sedimentos#Macrófitos#Organismos fitobentónicos"
"169","OKM040","Alarbi (Mape) (BUSTURIA)","RÍOS","Bizkaia","Busturia",523468,4801408,0,"Mape-A","Ríos costeros cántabro-atlánticos","Mape","Mape 1","Aguas (Fisicoquímica)#Macroinvertebrados#Vida piscícola#Riberas#Sedimentos#Macrófitos#Organismos fitobentónicos"
"170","OKM056","San Kristobal (Mape) (BUSTURIA)","RÍOS","Bizkaia","Busturia",524068,4801621,0,"Mape-A","Ríos costeros cántabro-atlánticos","Mape","Mape 1","Aguas (Fisicoquímica)#Macroinvertebrados#Vida piscícola#Riberas#Sedimentos#Macrófitos#Organismos fitobentónicos"
"171","OKR012","Artiketxe 2 (Artigas) (BERMEO)","RÍOS","Bizkaia","Bermeo",521765,4805169,NA,"Artigas-A","Ríos costeros cántabro-atlánticos","Artigas","Artigas 1","Vida piscícola"
"172","OKR020","Artiketxe (Artigas) (BERMEO)","RÍOS","Bizkaia","Bermeo",521932,4806021,0,"Artigas-A","Ríos costeros cántabro-atlánticos","Artigas","Artigas 1","Aguas (Fisicoquímica)#Macroinvertebrados#Vida piscícola#Riberas#Sedimentos#Macrófitos#Organismos fitobentónicos"
"173","OLE118","Berastegi (Leizaran) (BERASTEGI)","RÍOS","Gipuzkoa","Berastegi",586598,4774090,0,"Leizaran I","Ríos vasco-pirenaicos","Leizaran","Leizaran 1","Aguas (Fisicoquímica)#Macroinvertebrados#Vida piscícola#Riberas#Macrófitos#Organismos fitobentónicos"
"174","OLE382","Goiburu (Leizaran) (ANDOAIN)","RÍOS","Gipuzkoa","Andoain",579978,4784421,0,"Leizaran II","Pequeños ejes cántabro-atlánticos calcáreos","Leizaran","Leizaran 2","Aguas (Fisicoquímica)#Macroinvertebrados#Vida piscícola#Riberas#Sedimentos#Macrófitos#Organismos fitobentónicos"
"175","OME080","Corro (Omecillo Alto) (VALDEGOVÍA)","RÍOS","Araba/Álava","Valdegovía/Gaubea",485643,4746837,0,"Omecillo hasta Húmedo","Ríos de montaña húmeda calcárea","Omecillo","Omecillo 3","Aguas (Fisicoquímica)#Macroinvertebrados#Biota#Vida piscícola#Riberas#Macrófitos#Organismos fitobentónicos"
"176","OME244","Venta Blanca (Omecillo Bajo) (VALDEGOVÍA)","RÍOS","Araba/Álava","Valdegovía/Gaubea",495943,4741397,0,"Omecillo desde Húmedo hasta Lamuera","Ríos de montaña mediterránea calcárea","Omecillo","Omecillo 6","Aguas (Fisicoquímica)#Macroinvertebrados#Biota#Vida piscícola#Riberas#Sedimentos#Macrófitos#Organismos fitobentónicos"
"177","OME332","Bergüenda (Omecillo Bajo) (LANTARÓN)","RÍOS","Araba/Álava","Lantarón",496255,4735915,0,"Omecillo desde Lamuera hasta Embalse Puentelarrá","Ríos de montaña mediterránea calcárea","Omecillo","Omecillo 9","Aguas (Fisicoquímica)#Macroinvertebrados#Biota#Vida piscícola#Riberas#Sedimentos#Macrófitos#Organismos fitobentónicos"
"178","OMU066","Salinas de Añana (Salado) (AÑANA)","RÍOS","Araba/Álava","Añana",498857,4738865,0,"Lamuera hasta Omecillo","Ríos de montaña mediterránea calcárea","La Muera - Omecillo","Salado 2","Aguas (Fisicoquímica)#Macroinvertebrados#Vida piscícola#Riberas#Macrófitos#Organismos fitobentónicos"
"179","OMU088","La Rueda (Salado) (VALDEGOVÍA/GAUBEA)","RÍOS","Araba/Álava","Valdegovía/Gaubea",529550,4749849,NA,"Lamuera hasta Omecillo","Ríos de montaña mediterránea calcárea","La Muera - Omecillo",NA,"Aguas (Fisicoquímica)#Macroinvertebrados"
"180","OMX055","Astelarre (Muxika) (MUXIKA)","RÍOS","Bizkaia","Muxika",525118,4792889,NA,"Oka-A","Ríos cántabro-atlánticos calcáreos","Oka","Muxika 1","Aguas (Fisicoquímica)#Macroinvertebrados"
"181","ORI055","Zegama (Oria Alto) (ZEGAMA)","RÍOS","Gipuzkoa","Zegama",557431,4757636,0,"Oria I","Ríos vasco-pirenaicos","Oria","Oria 1","Aguas (Fisicoquímica)#Macroinvertebrados#Vida piscícola#Riberas#Macrófitos#Organismos fitobentónicos"
"182","ORI122","Segura (Oria Alto) (IDIAZABAL)","RÍOS","Gipuzkoa","Idiazabal",561777,4763505,0,"Oria II","Ríos vasco-pirenaicos","Oria","Oria 2","Aguas (Fisicoquímica)#Macroinvertebrados#Vida piscícola#Riberas#Macrófitos#Organismos fitobentónicos"
"183","ORI220","Ordizia (Oria Alto) (ORDIZIA)","RÍOS","Gipuzkoa","Ordizia",567314,4767515,0,"Oria III","Pequeños ejes cántabro-atlánticos calcáreos. Muy modificados","Oria","Oria 3","Aguas (Fisicoquímica)#Macroinvertebrados#Vida piscícola#Riberas#Macrófitos#Organismos fitobentónicos"
"184","ORI230","Aguas abajo Itsasondo (Oria Medio) (ITSASONDO)","RÍOS","Gipuzkoa","Itsasondo",568206,4769185,0,"Oria IV","Pequeños ejes cántabro-atlánticos calcáreos","Oria","Oria 4c","Aguas (Fisicoquímica)#Macroinvertebrados#Vida piscícola#Riberas#Macrófitos#Organismos fitobentónicos"
"185","ORI258","Legorreta (Oria Medio) (LEGORRETA)","RÍOS","Gipuzkoa","Legorreta",568969,4770166,0,"Oria V","Pequeños ejes cántabro-atlánticos calcáreos","Oria","Oria 4b","Aguas (Fisicoquímica)#Macroinvertebrados#Biota#Vida piscícola#Riberas#Sedimentos#Macrófitos#Organismos fitobentónicos"
"186","ORI260","Aguas arriba de Ikastegieta (Oria Medio) (IKAZTEGIETA)","RÍOS","Gipuzkoa","Ikaztegieta",571140,4770528,0,"Oria V","Pequeños ejes cántabro-atlánticos calcáreos","Oria","Oria 4b","Aguas (Fisicoquímica)#Macroinvertebrados#Vida piscícola#Macrófitos#Organismos fitobentónicos"
"187","ORI361","Arzabalza (Oria Medio) (TOLOSA)","RÍOS","Gipuzkoa","Tolosa",573919,4774134,0,"Oria VI","Ejes fluviales principales cántabro-atlánticos calcáreos. Muy modificados","Oria","Oria 4a","Aguas (Fisicoquímica)#Macroinvertebrados#Vida piscícola#Riberas#Macrófitos#Organismos fitobentónicos"
"188","ORI424","Irura (Oria Medio) (ANOETA)","RÍOS","Gipuzkoa","Anoeta",575627,4779406,0,"Oria VI","Ejes fluviales principales cántabro-atlánticos calcáreos. Muy modificados","Oria","Oria 6","Aguas (Fisicoquímica)#Macroinvertebrados#Biota#Vida piscícola#Riberas#Sedimentos#Macrófitos#Organismos fitobentónicos"
"189","ORI490","Sorabilla (Oria Medio) (ANDOAIN)","RÍOS","Gipuzkoa","Andoain",578564,4784520,0,"Oria VI","Ejes fluviales principales cántabro-atlánticos calcáreos. Muy modificados","Oria","Oria 8","Aguas (Fisicoquímica)#Macroinvertebrados#Biota#Vida piscícola#Riberas#Sedimentos#Macrófitos#Organismos fitobentónicos"
"190","ORI606","Lasarte-Oria (Oria Bajo) (USURBIL)","RÍOS","Gipuzkoa","Usurbil",576528,4791362,0,"Oria VI","Ejes fluviales principales cántabro-atlánticos calcáreos. Muy modificados","Oria","Oria 12","Aguas (Fisicoquímica)#Macroinvertebrados#Biota#Vida piscícola#Riberas#Sedimentos#Macrófitos#Organismos fitobentónicos"
"191","OSA045","Auzotxikia (Salubita) (TOLOSA)","RÍOS","Gipuzkoa","Tolosa",573857,4774969,0,"Salubita","Pequeños ejes cántabro-atlánticos calcáreos","Oria","Salubita 1","Aguas (Fisicoquímica)#Macroinvertebrados#Vida piscícola#Riberas#Macrófitos#Organismos fitobentónicos"
"192","OTU136","Fresneda (Tumecillo) (VALDEGOVÍA/GAUBEA)","RÍOS","Araba/Álava","Valdegovía/Gaubea",494433,4746834,0,"Húmedo hasta Omecillo","Ríos de montaña húmeda calcárea","Humedo - Omecillo","Tumecillo 2","Aguas (Fisicoquímica)#Macroinvertebrados#Biota#Vida piscícola#Riberas#Sedimentos#Macrófitos#Organismos fitobentónicos"
"193","OZA090","Zaldibi (Zaldivia) (ZALDIBIA)","RÍOS","Gipuzkoa","Zaldibia",568595,4766549,0,"Zaldibia","Ríos vasco-pirenaicos","Zaldivia","Zaldibia 3","Aguas (Fisicoquímica)#Macroinvertebrados#Vida piscícola#Riberas#Sedimentos#Macrófitos#Organismos fitobentónicos"
"194","OZE107","Zelaieta (Zelai) (BELAUNTZA)","RÍOS","Gipuzkoa","Belauntza",577546,4776957,0,"Berastegi","Ríos vasco-pirenaicos","Zelai","Zelai 2","Aguas (Fisicoquímica)#Macroinvertebrados#Vida piscícola#Riberas#Macrófitos#Organismos fitobentónicos"
"195","OZI034","Errotaberri (Inurritza) (ZARAUTZ)","RÍOS","Gipuzkoa","Zarautz",567729,4791356,NA,"Iñurritza-A","Ríos costeros cántabro-atlánticos","Iñurritza","Iñurritza 1","Macroinvertebrados#Macrófitos#Organismos fitobentónicos"
"196","OZI042","Zarautz (Iñurritza) (ZARAUTZ)","RÍOS","Gipuzkoa","Zarautz",567556,4792008,0,"Iñurritza-A","Ríos costeros cántabro-atlánticos","Iñurritza","Iñurritza 1","Aguas (Fisicoquímica)#Macroinvertebrados#Vida piscícola#Riberas#Sedimentos#Macrófitos#Organismos fitobentónicos"
"197","PUR080","Ribera (Purón) (VALDEGOVÍA/GAUBEA)","RÍOS","Araba/Álava","Valdegovía/Gaubea",481215,4743989,0,"Purón hasta Ebro","Ríos de montaña húmeda calcárea","Purón","Purón 3","Aguas (Fisicoquímica)#Macroinvertebrados#Vida piscícola#Riberas#Sedimentos#Macrófitos#Organismos fitobentónicos"
"198","PUR086","Entrada Desfiladero (Purón)  (VALDEGOVÍA/GAUB","RÍOS","Araba/Álava","Valdegovía/Gaubea",481200,4743463,NA,"Purón hasta Ebro","Ríos de montaña húmeda calcárea","Purón","Purón 4","Vida piscícola"
"199","SA13","Regata Elgea","RÍOS","Araba/Álava","Barrundia",539199,4754713,637,"Barrundia hasta Embalse Ullibarri","Ríos de montaña húmeda calcárea","Barrundia","Ugarana 1","Aguas (Hidrología)"
"200","SA21","Estación Osma-1","RÍOS","Araba/Álava","Valdegovía/Gaubea",494737,4748748,570,"Húmedo hasta Omecillo","Ríos de montaña húmeda calcárea","Humedo - Omecillo","Tumecillo 2","Aguas (Hidrología)"
"201","SA22","Estación Osma-2","RÍOS","Araba/Álava","Valdegovía/Gaubea",494880,4749934,580,"Húmedo hasta Omecillo","Ríos de montaña húmeda calcárea","Humedo - Omecillo","Tumecillo 1","Aguas (Hidrología)"
"202","SA23","Berganzo (Inglares) (Foronómico)","RÍOS","Araba/Álava","Zambrana",518310,4721975,571,"Inglares desde Pipaon hasta Ebro","Ríos de montaña mediterránea calcárea","Inglares","Inglares 5","Aguas (Hidrología)"
"203","SA24","Salinas de Añana (Salado) (Foronómico)","RÍOS","Araba/Álava","Añana",500859,4738851,560,"Lamuera hasta Omecillo","Ríos de montaña mediterránea calcárea","La Muera - Omecillo","Salado 2","Aguas (Hidrología)"
"204","SF45","Canal de la Balsa Vitoria","RÍOS","Araba/Álava","Arratzua-Ubarrundia",529784,4745544,0,"Alegría hasta Zadorra","Ríos de montaña mediterránea calcárea","Alegria","Salburua Humedal","Aguas (Fisicoquímica)"
"205","UAL090","Olalde. Zestoa (Altzolaratz) (ZESTOA)","RÍOS","Gipuzkoa","Zestoa",564106,4788456,0,"Altzolaratz-A","Ríos vasco-pirenaicos","Altzolaratz","Altzolaratz 1","Aguas (Fisicoquímica)#Macroinvertebrados#Vida piscícola#Riberas#Macrófitos#Organismos fitobentónicos"
"206","UIB106","Urrestilla (Ibaieder) (AZPEITIA)","RÍOS","Gipuzkoa","Azpeitia",561678,4778311,0,"Ibaieder-A","Ríos vasco-pirenaicos","Ibaieder","Ibaieder 3","Aguas (Fisicoquímica)#Macroinvertebrados#Vida piscícola#Riberas#Macrófitos#Organismos fitobentónicos"
"207","UIB154","Landeta (Ibaieder) (AZPEITIA)","RÍOS","Gipuzkoa","Azpeitia",560460,4780334,0,"Ibaieder-B","Ríos vasco-pirenaicos","Ibaieder","Ibaieder 1","Aguas (Fisicoquímica)#Macroinvertebrados#Vida piscícola#Riberas#Sedimentos#Macrófitos#Organismos fitobentónicos"
"208","UIG052","Donostia (Igara) (DONOSTIA-SAN SEBASTIÁN)","RÍOS","Gipuzkoa","Donostia / San Sebastián",579376,4794592,0,"Igara-A","Ríos de montaña mediterránea calcárea","Igara","Igara 2","Aguas (Fisicoquímica)#Macroinvertebrados#Vida piscícola#Riberas#Macrófitos#Organismos fitobentónicos"
"209","ULA040","Akertza (Larraondo) (ZESTOA)","RÍOS","Gipuzkoa","Zestoa",558764,4790281,0,"Larraondo-A","Ríos costeros cántabro-atlánticos","Larraondo","Larraondo 2","Aguas (Fisicoquímica)#Macroinvertebrados#Vida piscícola#Riberas#Macrófitos#Organismos fitobentónicos"
"210","ULN061","Desembocadura Landarbaso (Landarbaso) (HERNANI)","RÍOS","Gipuzkoa","Hernani",585498,4789819,0,"Landarbaso","Pequeños ejes cántabro-atlánticos calcáreos","Urumea","Landarbaso 1","Aguas (Fisicoquímica)#Macroinvertebrados#Vida piscícola#Riberas#Macrófitos#Organismos fitobentónicos"
"211","URO026","Brinkola (Urola Alto) (LEGAZPI)","RÍOS","Gipuzkoa","Legazpi",554645,4761777,0,"Urola-A","Ríos vasco-pirenaicos","Urola","Urola 13","Aguas (Fisicoquímica)#Macroinvertebrados#Vida piscícola#Riberas#Sedimentos#Macrófitos#Organismos fitobentónicos"
"212","URO106","Legazpi (Urola Alto) (LEGAZPI)","RÍOS","Gipuzkoa","Legazpi",554499,4769091,0,"Urola-B","Ríos vasco-pirenaicos. Muy modificados","Urola","Urola 10","Aguas (Fisicoquímica)#Macroinvertebrados#Biota#Vida piscícola#Riberas#Sedimentos#Macrófitos#Organismos fitobentónicos"
"213","URO158","Urretxu (Urola Medio) (URRETXU)","RÍOS","Gipuzkoa","Urretxu",555420,4773093,0,"Urola-C","Ríos vasco-pirenaicos","Urola","Urola 8","Aguas (Fisicoquímica)#Macroinvertebrados#Biota#Vida piscícola#Riberas#Sedimentos#Macrófitos#Organismos fitobentónicos"
"214","URO210","Aizpurutxo (Urola Medio) (AZKOITIA)","RÍOS","Gipuzkoa","Azkoitia",552754,4775716,0,"Urola-C","Ríos vasco-pirenaicos","Urola","Urola 8","Aguas (Fisicoquímica)#Macroinvertebrados#Biota#Vida piscícola#Riberas#Sedimentos#Macrófitos#Organismos fitobentónicos"
"215","URO320","Loyola (Urola Medio) (AZPEITIA)","RÍOS","Gipuzkoa","Azpeitia",558618,4780579,0,"Urola-D","Ríos vasco-pirenaicos. Muy modificados","Urola","Urola 5","Aguas (Fisicoquímica)#Macroinvertebrados#Vida piscícola#Riberas#Macrófitos#Organismos fitobentónicos"
"216","URO400","Zestoa (Urola Bajo) (ZESTOA)","RÍOS","Gipuzkoa","Zestoa",560238,4786141,0,"Urola-E","Pequeños ejes cántabro-atlánticos calcáreos","Urola","Urola 3","Aguas (Fisicoquímica)#Macroinvertebrados#Vida piscícola#Riberas#Macrófitos#Organismos fitobentónicos"
"217","URO490","Aizarnazabal (Urola Bajo) (ZESTOA)","RÍOS","Gipuzkoa","Zestoa",562064,4789201,0,"Urola-F","Pequeños ejes cántabro-atlánticos calcáreos","Urola","Urola 2","Aguas (Fisicoquímica)#Macroinvertebrados#Biota#Vida piscícola#Riberas#Sedimentos#Macrófitos#Organismos fitobentónicos"
"218","URO520","Oikina (Urola Bajo) (AIZARNAZABAL)","RÍOS","Gipuzkoa","Aizarnazabal",562149,4790751,0,"Urola-F","Pequeños ejes cántabro-atlánticos calcáreos","Urola","Urola 1","Aguas (Fisicoquímica)#Macroinvertebrados#Biota#Vida piscícola#Riberas#Sedimentos#Macrófitos#Organismos fitobentónicos"
"219","URU288","Pagoaga (Urumea) (HERNANI)","RÍOS","Gipuzkoa","Hernani",587355,4786268,0,"Urumea II","Pequeños ejes cántabro-atlánticos calcáreos","Urumea","Urumea 2","Aguas (Fisicoquímica)#Macroinvertebrados#Biota#Vida piscícola#Riberas#Sedimentos#Macrófitos#Organismos fitobentónicos"
"220","URU400","Lastaola (Urumea) (HERNANI)","RÍOS","Gipuzkoa","Hernani",583492,4789781,0,"Urumea III","Pequeños ejes cántabro-atlánticos calcáreos","Urumea","Urumea 3","Aguas (Fisicoquímica)#Macroinvertebrados#Biota#Vida piscícola#Riberas#Sedimentos#Macrófitos#Organismos fitobentónicos"
"221","ZAD060","Salvatierra (Zadorra Alto) (SALVATIERRA/AGURAIN)","RÍOS","Araba/Álava","Agurain/Salvatierra",549078,4745266,0,"Zadorra hasta Embalse Ullibarri","Ríos de montaña mediterránea calcárea","Zadorra","Zadorra 4","Aguas (Fisicoquímica)#Macroinvertebrados#Vida piscícola#Riberas#Sedimentos#Macrófitos#Organismos fitobentónicos"
"222","ZAD095","Heredia (Zadorra Alto) (SALVATIERRA/AGURAIN)","RÍOS","Araba/Álava","Agurain/Salvatierra",546747,4746172,NA,"Zadorra hasta Embalse Ullibarri","Ríos de montaña mediterránea calcárea","Zadorra","Zadorra 4","Aguas (Fisicoquímica)#Macroinvertebrados#Vida piscícola#Macrófitos#Organismos fitobentónicos"
"223","ZAD160","Etura (Zadorra Alto) (BARRUNDIA)","RÍOS","Araba/Álava","Barrundia",540953,4748231,0,"Zadorra hasta Embalse Ullibarri","Ríos de montaña mediterránea calcárea","Zadorra","Zadorra 5","Aguas (Fisicoquímica)#Macroinvertebrados#Biota#Vida piscícola#Riberas#Sedimentos#Macrófitos#Organismos fitobentónicos"
"224","ZAD338","Mendibil (Zadorra Medio) (ARRAZUA-UBARRUNDIA)","RÍOS","Araba/Álava","Arratzua-Ubarrundia",530401,4750560,0,"Zadorra desde Embalse Ullibarri hasta Alegría","Ríos de montaña húmeda calcárea","Zadorra","Zadorra 6","Aguas (Fisicoquímica)#Macroinvertebrados#Vida piscícola#Riberas#Macrófitos#Organismos fitobentónicos"
"225","ZAD359","Durana (Zadorra Medio) (ARRAZUA-UBARRUNDIA)","RÍOS","Araba/Álava","Arratzua-Ubarrundia",529352,4748805,NA,"Zadorra desde Embalse Ullibarri hasta Alegría","Ríos de montaña húmeda calcárea","Zadorra","Zadorra 7","Aguas (Fisicoquímica)#Macroinvertebrados#Vida piscícola#Macrófitos#Organismos fitobentónicos"
"226","ZAD460","Zuazo de Vitoria (Zadorra Medio) (VITORIA-GASTEIZ)","RÍOS","Araba/Álava","Vitoria-Gasteiz",522377,4744914,0,"Zadorra desde Alegría hasta Zayas","Ríos de montaña mediterránea calcárea","Zadorra","Zadorra 9","Aguas (Fisicoquímica)#Macroinvertebrados#Vida piscícola#Riberas#Macrófitos#Organismos fitobentónicos"
"227","ZAD522","Trespuentes aguas arriba confluencia del Oka (Zadorra Bajo) (IRUÑA OKA/IRUÑ","RÍOS","Araba/Álava","Iruña Oka/Iruña de Oca",518493,4743772,0,"Zadorra desde Zayas hasta Nanclares","Ríos de montaña mediterránea calcárea","Zadorra","Zadorra 10","Aguas (Fisicoquímica)#Macroinvertebrados#Vida piscícola#Riberas#Sedimentos#Macrófitos#Organismos fitobentónicos"
"228","ZAD628","Nanclares de la Oca (Zadorra Bajo) (IRUÑA OKA/IRUÑA DE OCA)","RÍOS","Araba/Álava","Iruña Oka/Iruña de Oca",515277,4740024,0,"Zadorra desde Zayas hasta Nanclares","Ríos de montaña mediterránea calcárea","Zadorra","Zadorra 11","Aguas (Fisicoquímica)#Macroinvertebrados#Biota#Vida piscícola#Riberas#Sedimentos#Macrófitos#Organismos fitobentónicos"
"229","ZAD795","Las Roturas (Zadorra Bajo) (ARMIÃ¿Ã¿N)","RÍOS","Araba/Álava","Armiñón",509901,4727583,0,"Zadorra desde Nanclares hasta Ayuda","Ejes mediterráneo-continentales poco mineralizados","Zadorra","Zadorra 13","Aguas (Fisicoquímica)#Macroinvertebrados#Vida piscícola#Riberas#Macrófitos#Organismos fitobentónicos"
"230","ZAD828","Arce (Zadorra Bajo) (BERANTEVILLA)","RÍOS","Araba/Álava","Berantevilla",508473,4724952,0,"Zadorra desde Ayuda hasta Ebro","Ejes mediterráneo-continentales poco mineralizados","Zadorra","Zadorra 14","Aguas (Fisicoquímica)#Macroinvertebrados#Biota#Vida piscícola#Riberas#Sedimentos#Macrófitos#Organismos fitobentónicos"
"231","ZAI018","Okina (Ayuda Alto) (BERNEDO)","RÍOS","Araba/Álava","Bernedo",533777,4734083,0,"Ayuda hasta Molinar","Ríos de montaña húmeda calcárea","Ayuda","Ayuda 2","Aguas (Fisicoquímica)#Macroinvertebrados#Biota#Vida piscícola#Riberas#Sedimentos#Macrófitos#Organismos fitobentónicos"
"232","ZAI088","Urarte (Ayuda Alto) (BERNEDO)","RÍOS","Araba/Álava","Bernedo",533105,4727745,0,"Ayuda hasta Molinar","Ríos de montaña húmeda calcárea","Ayuda","Ayuda 3","Aguas (Fisicoquímica)#Macroinvertebrados#Vida piscícola#Riberas#Macrófitos#Organismos fitobentónicos"
"233","ZAI372","Escanzana (Ayuda Bajo) (BERANTEVILLA)","RÍOS","Araba/Álava","Berantevilla",512673,4726582,0,"Ayuda desde Ríorrojo hasta Zadorra","Ríos de montaña mediterránea calcárea","Ayuda","Ayuda 5a","Aguas (Fisicoquímica)#Macroinvertebrados#Biota#Vida piscícola#Riberas#Sedimentos#Macrófitos#Organismos fitobentónicos"
"234","ZAL150","Matauko (Alegria) (VITORIA-GASTEIZ)","RÍOS","Araba/Álava","Vitoria-Gasteiz",534517,4745694,0,"Alegría hasta Zadorra","Ríos de montaña mediterránea calcárea","Alegria","Alegria 3","Aguas (Fisicoquímica)#Macroinvertebrados#Vida piscícola#Riberas#Sedimentos#Macrófitos#Organismos fitobentónicos"
"235","ZBA068","Narbaiza (Barrundia) (SAN MILLÁN/DONEMILIAGA)","RÍOS","Araba/Álava","San Millán/Donemiliaga",547707,4752032,0,"Barrundia hasta Embalse Ullibarri","Ríos de montaña húmeda calcárea","Barrundia","Barrundia 1","Aguas (Fisicoquímica)#Macroinvertebrados#Vida piscícola#Riberas#Macrófitos#Organismos fitobentónicos"
"236","ZBA162","Maturana (Barrundia) (BARRUNDIA)","RÍOS","Araba/Álava","Barrundia",541231,4751082,0,"Barrundia hasta Embalse Ullibarri","Ríos de montaña húmeda calcárea","Barrundia","Barrundia 2","Aguas (Fisicoquímica)#Macroinvertebrados#Vida piscícola#Riberas#Macrófitos#Organismos fitobentónicos"
"237","ZOL090","Otxandio (Olaeta-z) (OTXANDIO)","RÍOS","Bizkaia","Otxandio",528747,4764961,0,"Urkiola hasta Embalse Urrunaga","Ríos de montaña húmeda calcárea","Santa Engracia","Olaeta 2","Aguas (Fisicoquímica)#Macroinvertebrados#Vida piscícola#Macrófitos#Organismos fitobentónicos"
"238","ZRJ055","Mijancas (Riorojo) (BERANTEVILLA)","RÍOS","Araba/Álava","Berantevilla",514615,4727754,0,"Ríorrojo hasta Ayuda","Ríos de montaña mediterránea calcárea","Ayuda","Riorojo 1","Aguas (Fisicoquímica)#Macroinvertebrados#Vida piscícola#Macrófitos#Organismos fitobentónicos"
"239","ZSE042","Anteparaluzeta (Santa Engracia) (OTXANDIO)","RÍOS","Bizkaia","Otxandio",527650,4767897,0,"Urkiola hasta Embalse Urrunaga","Ríos de montaña húmeda calcárea","Santa Engracia","Santa Engrazia 1","Aguas (Fisicoquímica)#Macroinvertebrados#Vida piscícola#Riberas#Macrófitos#Organismos fitobentónicos"
"240","ZSE100","Mekoleta (Santa Engracia) (OTXANDIO)","RÍOS","Bizkaia","Otxandio",526938,4765832,0,"Urkiola hasta Embalse Urrunaga","Ríos de montaña húmeda calcárea","Santa Engracia","Santa Engrazia 2","Aguas (Fisicoquímica)#Macroinvertebrados#Vida piscícola#Riberas#Macrófitos#Organismos fitobentónicos"
"241","ZSE288","Urbina (Santa Engracia) (ARRAZUA-UBARRUNDIA)","RÍOS","Araba/Álava","Arratzua-Ubarrundia",529549,4754255,0,"Zadorra desde Embalse Ullibarri hasta Alegría","Ríos de montaña húmeda calcárea","Santa Engracia","Santa Engrazia 4","Aguas (Fisicoquímica)#Macroinvertebrados#Vida piscícola#Riberas#Macrófitos#Organismos fitobentónicos"
"242","ZSE346","Amarita (Santa Engracia) (ARRAZUA-UBARRUNDIA)","RÍOS","Araba/Álava","Arratzua-Ubarrundia",529550,4749849,NA,"Zadorra desde Embalse Ullibarri hasta Alegría","Ríos de montaña húmeda calcárea","Santa Engracia",NA,"Aguas (Fisicoquímica)#Macroinvertebrados#Vida piscícola#Macrófitos#Organismos fitobentónicos"
"243","ZUN070","Zestafe (Undabe) (ZIGOITIA)","RÍOS","Araba/Álava","Zigoitia",525733,4762008,0,"Santa Engracia hasta Embalse Urrunaga","Ríos de montaña húmeda calcárea","Santa Engracia","Undabe 2","Aguas (Fisicoquímica)#Macroinvertebrados#Vida piscícola#Riberas#Macrófitos#Organismos fitobentónicos"
"244","ZZA064","Murua (Zaias) (VITORIA-GASTEIZ)","RÍOS","Araba/Álava","Vitoria-Gasteiz",521835,4757716,NA,"Zayas hasta Larrinoa","Ríos de montaña húmeda calcárea","Zalla","Zalla 4","Aguas (Fisicoquímica)#Macroinvertebrados#Vida piscícola#Macrófitos#Organismos fitobentónicos"
"245","ZZA246","Martioda (Zalla Bajo) (VITORIA-GASTEIZ)","RÍOS","Araba/Álava","Vitoria-Gasteiz",519855,4746479,0,"Zayas desde Larrinoa hasta Zadorra","Ríos de montaña mediterránea calcárea","Zalla","Zalla 4","Aguas (Fisicoquímica)#Macroinvertebrados#Vida piscícola#Riberas#Macrófitos#Organismos fitobentónicos"
"246","ZZU048","Ubidea (Zubiola) (UBIDE)","RÍOS","Bizkaia","Ubide",524596,4763812,0,"Santa Engracia hasta Embalse Urrunaga","Ríos de montaña húmeda calcárea","Santa Engracia","Zubiola 2","Aguas (Fisicoquímica)#Macroinvertebrados#Vida piscícola#Macrófitos#Organismos fitobentónicos"
